User, 0x8668334e671A62f6994166D82d177789d975128F ,start_block, 14301423
User, 0x3ca3822163D049364E67bE19a0D3B2F03B7e99b5 ,start_block, 14302061
User, 0x114ac490E563c251Aec945eF810B3F002C82418a ,start_block, 14303899
User, 0x6b448372358a5B8249DFf4a1856588BdE2B1249C ,start_block, 14303912
User, 0x49320752c649ff87C37e8B09A459Aa6Aa81aE320 ,start_block, 14303922
User, 0xA1E36B580C2a7eA06Ff898F8222588c779a6F923 ,start_block, 14303923
User, 0x77d3Dea0cC1D369821B5fA9c946667296e4A08FD ,start_block, 14303934
User, 0x929597c9a096B8a3e09EA6aF6772bf38d7Cb8167 ,start_block, 14303940
User, 0xc980E91018349ffc9EAAd76595CcdAB24EcA2F84 ,start_block, 14303950
User, 0xb5C8bB797dA2Bf88e58b57d9Faf99B905c32A964 ,start_block, 14303979
User, 0x62bDF0fab5A9807cEb5d4b61fFaEB558b3CB713A ,start_block, 14303980
User, 0x4090063FB4D44a39282C5e50dB8E76F5CB20fBeb ,start_block, 14303983
User, 0xd20D96f8A56B4f710EB64e6e3fE9C59E804Ef175 ,start_block, 14303985
User, 0x893fD7557C1907d62b5BC9C39bBAd465E34B13FD ,start_block, 14304000
User, 0x954E2BE1FFd8E66a2B6ebF777aA7E214b22a0022 ,start_block, 14304003
User, 0xF1F45F26cbAC3cDE9e5E69E6a92190a954428044 ,start_block, 14304006
User, 0xAE3270CF9FabA670c1C36Adc05148F64994d53d1 ,start_block, 14304006
User, 0x8161a4906ea3818c8165fEbE7288a1f63aEe72E0 ,start_block, 14304011
User, 0xB2A78053506cDee6bDb9a2797E49F32dfC52c6EF ,start_block, 14304014
User, 0x61dCa0358515f7DD2048EF16Ca0A4e98e54F9917 ,start_block, 14304014
User, 0xa4f377a45Fe460306956Ed7AdBCcA3bc0235d42b ,start_block, 14304017
User, 0xf2104F813B79B8c38E8724C26d4b5CC6b08BD852 ,start_block, 14304017
User, 0xeDD7c93670628E047A8DA2E98513e10ec2Eb9550 ,start_block, 14304023
User, 0xa522a79b8db481ebB9d3EBdd0Ad23709DeEBc8A1 ,start_block, 14304024
User, 0x53a22A85f1F28c98a2f4358DF578309D95E1500F ,start_block, 14304025
User, 0xF68Fb90b105eadC956Ec570fbceC4430BC90166a ,start_block, 14304034
User, 0xBeF1FeFE4Bb6DDA516E9Af3A3F793d182cf053Bc ,start_block, 14304035
User, 0x59a472362E4b8289B369bc370940e1fc78532226 ,start_block, 14304035
User, 0x6eC1b85C32a9820024ca05887510F4DAB8923729 ,start_block, 14304039
User, 0xdFB5396f06bE50eAA745094ff51d272C292cc218 ,start_block, 14304041
User, 0x7dec7d0Bb9f27988c005B0fe6e9FD88b22250F08 ,start_block, 14304041
User, 0x5d0726903C2E128B99baa25Ed0e5A065cE381BD3 ,start_block, 14304042
User, 0x8205e39D9a388c29e8236fEc8cE141B642Ad6e39 ,start_block, 14304045
User, 0x9671F6F7f20fBaE0d6577015b58FD059fa265805 ,start_block, 14304045
User, 0x376C9c6D75141bf7Df3B4345D02709C589e6aEF1 ,start_block, 14304048
User, 0x25e0cE7cF653AE768A5B70d8d46d2745dFC98366 ,start_block, 14304048
User, 0x181e0133126518EC65F636934773bEfB543953DB ,start_block, 14304049
User, 0xe8A06462628b49eb70DBF114EA510EB3BbBDf559 ,start_block, 14304051
User, 0x022686B90250995868e500D266f146D770d29E6c ,start_block, 14304052
User, 0x21941AE82cb4866500Ff4Ee2c5Ebbf041C346E65 ,start_block, 14304053
User, 0x7E4B6AD61537a55a69A604b8f2F7e924829fb37C ,start_block, 14304053
User, 0x2e38B393F3FE1F53d0d9C3A2a38179Fe35f4C1cC ,start_block, 14304057
User, 0xc0A1d9902a7B319fCe1A91e29572A43B7aA96070 ,start_block, 14304058
User, 0x38b63E6dbeDEbBC0AfE3e04AC7D9FE8Fa1547eBE ,start_block, 14304059
User, 0x78497690c42D358fa1662f23aB72708E07eA0B0B ,start_block, 14304063
User, 0xBee7724eAa84e9Fd7010ac197af9AD2d90b31a5a ,start_block, 14304064
User, 0xFBdC419F4f81C43C3E0718DFD60FAc80236716ba ,start_block, 14304065
User, 0xAbAe0d58eC9eb58255227C2aBFa7365C9D409422 ,start_block, 14304068
User, 0x3E270EE464476f4ae6899c52790B092dC5c5dfE3 ,start_block, 14304069
User, 0x458Dd27659c9Bb0aB216B422EcDe3Ad5AdDe21F8 ,start_block, 14304071
User, 0xcC113d400e9c9e25BC6F8ECdC08F9767dD1C6Fe5 ,start_block, 14304075
User, 0x4C8f603F22dDa9E8aB4B15768a4d7986275b47aD ,start_block, 14304076
User, 0x1DbE18C76867d812B23AC9107De7E44d2CF76761 ,start_block, 14304076
User, 0x3FACD1271CEF03d5D15a7e38BACB4A010a3f6227 ,start_block, 14304080
User, 0x66d312BAcee5240632ee749eEAdCC650E0eF4bB5 ,start_block, 14304080
User, 0x29cb104d28915e89981dfa7A437CCbCDdDD9D4Bb ,start_block, 14304081
User, 0x850D25627a047E9cbb3e1284979b1b9e3b789EA8 ,start_block, 14304082
User, 0x10C39fAcaC9078481a538aB050031cC9664E1949 ,start_block, 14304084
User, 0x59473D3c04E71DA7f124A844D8F33Dca5a1b90Be ,start_block, 14304087
User, 0xD8810A877146592F7CCe245098D198E66D9BcbFe ,start_block, 14304087
User, 0xf94A678A5d0341aA8293052C660cFE2E9Ed143F1 ,start_block, 14304093
User, 0x2Bc1B391dAb49072A9a623C2E1528Dce6b43E184 ,start_block, 14304094
User, 0xd7eb1583DCfc18A4Cd6af12683dF6AbED3331080 ,start_block, 14304094
User, 0x2411959F1beDD22B4F42addde13BdCC79e7bEf49 ,start_block, 14304095
User, 0x8dA3BE1CD2Ea83528FE1900841ba900DaA6935c7 ,start_block, 14304095
User, 0x08304a3e1F5eA4fB75E980F69868ad561c0D88fB ,start_block, 14304097
User, 0xE3FC9B3B3D986f575F8af94C8454167613A11401 ,start_block, 14304097
User, 0x32c1964D52477AE67C8b75588B87c9128244a538 ,start_block, 14304099
User, 0xb8e38504A8F19bbF6ebF6D9f6E4efB1127DC2A7d ,start_block, 14304099
User, 0x0B61c9B7f847c341E3397Ce422aC6B4Df2c5CFd3 ,start_block, 14304106
User, 0x94b4B99b59AAF8AEF45a458f5d5b88393A6Bed4A ,start_block, 14304107
User, 0x210FA26d9e4717f9d690Ef9010829BE282c381d0 ,start_block, 14304108
User, 0x7c8A583C058Fe388F5a18FC83ed9CF8dA025CcD3 ,start_block, 14304108
User, 0x0fF82d6E00ac5eb329f0fD0772775F9DB63daff9 ,start_block, 14304109
User, 0x555A760c8380ec3E22eA95375d6947486bd1E0B2 ,start_block, 14304109
User, 0xcCC9544Ae4CAC902e1A91AB9A6228BbF2b88d7Ef ,start_block, 14304113
User, 0xc19543C278B109399D311eF57BF671585D2D1B5E ,start_block, 14304120
User, 0x1c89dB3D2130b78cc798e1BC3dbbfF33dB3585B5 ,start_block, 14304120
User, 0xa0c8aCF684f43c7B7de08C951ea8088473fa4366 ,start_block, 14304122
User, 0xb53Cdf01B963DCeE4e92f6fC004B3BD289903764 ,start_block, 14304126
User, 0x41CE0b9B6AAEE59670aA00d6bCACe1549Ea43D5D ,start_block, 14304126
User, 0x3fc5730aeA39F45BBef420E27B60F30D09EdD7F2 ,start_block, 14304133
User, 0xE7c2C2857Bd20566161E85f861D082A1ADC36845 ,start_block, 14304134
User, 0xC3483C41f0f4e16E943587E183908580b641f52D ,start_block, 14304136
User, 0x0d4E9A4d07514972B0a87018aC8D51263556dDf4 ,start_block, 14304141
User, 0xb232071F88E4040C081E9Af8B89A81136aaFABcd ,start_block, 14304145
User, 0x9323E7e4Ae75A74eb897fc571e52ba6f1D1e2f98 ,start_block, 14304146
User, 0xC20d84f9D1aE172cb1096eC51854EC34E99035Db ,start_block, 14304154
User, 0xCF473d1A9FF4AB9aa53f98bf3eE870b993c13b1a ,start_block, 14304156
User, 0x5F6f88FCbe11668F8880251809490293e676F1bB ,start_block, 14304157
User, 0x6FB95769def921F482C43aFe22ff20e58e8D90d0 ,start_block, 14304157
User, 0x5ebCB2DdF05eA0042Fe3Edd22F4756afa0012483 ,start_block, 14304163
User, 0x27c2A0e7f6814472bDfAF17736667d7D3fc326a0 ,start_block, 14304163
User, 0xa54882ccAcf87fED730D2FC84416D7553025744b ,start_block, 14304164
User, 0x96D1Bd4b0F3a7612E4e170f7dbb93796dd4e593f ,start_block, 14304166
User, 0x690887019731656d1E641BDcCe621E4BcCD292BD ,start_block, 14304169
User, 0xdD34dD06a470442A65c99552301F1BB2e43351e8 ,start_block, 14304173
User, 0x1684942b35077b86f0A5692488A6781d31D3DD96 ,start_block, 14304174
User, 0xFEeDfe9c2aCb949Ef80b0fa714E282D66Bd2f955 ,start_block, 14304175
User, 0x4C24D6D2f031431229DEdE2886fD47A2a63F1BeA ,start_block, 14304179

